id,model_id,market_name,platform,camera_position_portrait,updated_at
1,"iPad13,18",iPad (10th generation) Wi-Fi,iOS,RIGHT,2026-08-24T09:43:05Z
2,"iPad13,19",iPad (10th generation) Wi-Fi + Cellular,iOS,RIGHT,2026-08-24T09:43:05Z
3,"iPad14,8",iPad Air 11-inch (M2) Wi-Fi,iOS,RIGHT,2026-08-24T09:43:05Z
4,"iPad14,9",iPad Air 11-inch (M2) Wi-Fi + Cellular,iOS,RIGHT,2026-08-24T09:43:05Z
5,"iPad14,10",iPad Air 13-inch (M2) Wi-Fi,iOS,RIGHT,2026-08-24T09:43:05Z
6,"iPad14,11",iPad Air 13-inch (M2) Wi-Fi + Cellular,iOS,RIGHT,2026-08-24T09:43:05Z
7,"iPad15,3",iPad Air 11-inch (M3) Wi-Fi,iOS,RIGHT,2026-08-24T09:43:05Z
8,"iPad15,4",iPad Air 11-inch (M3) Wi-Fi + Cellular,iOS,RIGHT,2026-08-24T09:43:05Z
9,"iPad15,5",iPad Air 13-inch (M3) Wi-Fi,iOS,RIGHT,2026-08-24T09:43:05Z
10,"iPad15,6",iPad Air 13-inch (M3) Wi-Fi + Cellular,iOS,RIGHT,2026-08-24T09:43:05Z
11,"iPad15,7",iPad (A16) Wi-Fi,iOS,RIGHT,2026-08-24T09:43:05Z
12,"iPad15,8",iPad (A16) Wi-Fi + Cellular,iOS,RIGHT,2026-08-24T09:43:05Z
13,"iPad16,3",iPad Pro 11-inch (M4) Wi-Fi,iOS,RIGHT,2026-08-24T09:43:05Z
14,"iPad16,4",iPad Pro 11-inch (M4) Wi-Fi + Cellular,iOS,RIGHT,2026-08-24T09:43:05Z
15,"iPad16,5",iPad Pro 13-inch (M4) Wi-Fi,iOS,RIGHT,2026-08-24T09:43:05Z
16,"iPad16,6",iPad Pro 13-inch (M4) Wi-Fi + Cellular,iOS,RIGHT,2026-08-24T09:43:05Z
17,"iPad16,8",iPad Air 11-inch (M4) Wi-Fi,iOS,RIGHT,2026-08-24T09:43:05Z
18,"iPad16,9",iPad Air 11-inch (M4) Wi-Fi + Cellular,iOS,RIGHT,2026-08-24T09:43:05Z
19,"iPad16,10",iPad Air 13-inch (M4) Wi-Fi,iOS,RIGHT,2026-08-24T09:43:05Z
20,"iPad16,11",iPad Air 13-inch (M4) Wi-Fi + Cellular,iOS,RIGHT,2026-08-24T09:43:05Z
21,"iPad17,1",iPad Pro 11-inch Wi-Fi (M5),iOS,RIGHT,2026-08-24T09:43:05Z
22,"iPad17,2",iPad Pro 11-inch Wi-Fi + Cellular (M5),iOS,RIGHT,2026-08-24T09:43:05Z
23,"iPad17,3",iPad Pro 13-inch Wi-Fi (M5),iOS,RIGHT,2026-08-24T09:43:05Z
24,"iPad17,4",iPad Pro 13-inch Wi-Fi + Cellular (M5),iOS,RIGHT,2026-08-24T09:43:05Z
25,"iPad1,1",iPad,iOS,TOP,2026-08-24T09:43:05Z
26,"iPad2,1",iPad 2 Wi-Fi,iOS,TOP,2026-08-24T09:43:05Z
27,"iPad2,2",iPad 2 Wi-Fi + 3G (GSM),iOS,TOP,2026-08-24T09:43:05Z
28,"iPad2,3",iPad 2 Wi-Fi + 3G (CDMA),iOS,TOP,2026-08-24T09:43:05Z
29,"iPad2,4",iPad 2 Wi-Fi (Mid 2012),iOS,TOP,2026-08-24T09:43:05Z
30,"iPad2,5",iPad mini Wi-Fi,iOS,TOP,2026-08-24T09:43:05Z
31,"iPad2,6",iPad mini Wi-Fi + Cellular,iOS,TOP,2026-08-24T09:43:05Z
32,"iPad2,7",iPad mini Wi-Fi + Cellular (MM),iOS,TOP,2026-08-24T09:43:05Z
33,"iPad3,1",iPad (3rd generation) Wi-Fi,iOS,TOP,2026-08-24T09:43:05Z
34,"iPad3,2",iPad (3rd generation) Wi-Fi + Cellular (VZ),iOS,TOP,2026-08-24T09:43:05Z
35,"iPad3,3",iPad (3rd generation) Wi-Fi + Cellular,iOS,TOP,2026-08-24T09:43:05Z
36,"iPad3,4",iPad (4th generation) Wi-Fi,iOS,TOP,2026-08-24T09:43:05Z
37,"iPad3,5",iPad (4th generation) Wi-Fi + Cellular,iOS,TOP,2026-08-24T09:43:05Z
38,"iPad3,6",iPad (4th generation) Wi-Fi + Cellular (MM),iOS,TOP,2026-08-24T09:43:05Z
39,"iPad4,1",iPad Air Wi-Fi,iOS,TOP,2026-08-24T09:43:05Z
40,"iPad4,2",iPad Air Wi-Fi + Cellular,iOS,TOP,2026-08-24T09:43:05Z
41,"iPad4,3",iPad Air Wi-Fi + Cellular (TD-LTE),iOS,TOP,2026-08-24T09:43:05Z
42,"iPad4,4",iPad mini 2 Wi-Fi,iOS,TOP,2026-08-24T09:43:05Z
43,"iPad4,5",iPad mini 2 Wi-Fi + Cellular,iOS,TOP,2026-08-24T09:43:05Z
44,"iPad4,6",iPad mini 2 Wi-Fi + Cellular (TD-LTE),iOS,TOP,2026-08-24T09:43:05Z
45,"iPad4,7",iPad mini 3 Wi-Fi,iOS,TOP,2026-08-24T09:43:05Z
46,"iPad4,8",iPad mini 3 Wi-Fi + Cellular,iOS,TOP,2026-08-24T09:43:05Z
47,"iPad4,9",iPad mini 3 Wi-Fi + Cellular (TD-LTE),iOS,TOP,2026-08-24T09:43:05Z
48,"iPad5,1",iPad mini 4 Wi-Fi,iOS,TOP,2026-08-24T09:43:05Z
49,"iPad5,2",iPad mini 4 Wi-Fi + Cellular,iOS,TOP,2026-08-24T09:43:05Z
50,"iPad5,3",iPad Air 2 Wi-Fi,iOS,TOP,2026-08-24T09:43:05Z
51,"iPad5,4",iPad Air 2 Wi-Fi + Cellular,iOS,TOP,2026-08-24T09:43:05Z
52,"iPad6,3",iPad Pro (9.7-inch) Wi-Fi,iOS,TOP,2026-08-24T09:43:05Z
53,"iPad6,4",iPad Pro (9.7-inch) Wi-Fi + Cellular,iOS,TOP,2026-08-24T09:43:05Z
54,"iPad6,7",iPad Pro (12.9-inch) (1st generation) Wi-Fi,iOS,TOP,2026-08-24T09:43:05Z
55,"iPad6,8",iPad Pro (12.9-inch) (1st generation) Wi-Fi + Cellular,iOS,TOP,2026-08-24T09:43:05Z
56,"iPad6,11",iPad (5th generation) Wi-Fi,iOS,TOP,2026-08-24T09:43:05Z
57,"iPad6,12",iPad (5th generation) Wi-Fi + Cellular,iOS,TOP,2026-08-24T09:43:05Z
58,"iPad7,1",iPad Pro (12.9-inch) (2nd generation) Wi-Fi,iOS,TOP,2026-08-24T09:43:05Z
59,"iPad7,2",iPad Pro (12.9-inch) (2nd generation) Wi-Fi + Cellular,iOS,TOP,2026-08-24T09:43:05Z
60,"iPad7,3",iPad Pro (10.5-inch) Wi-Fi,iOS,TOP,2026-08-24T09:43:05Z
61,"iPad7,4",iPad Pro (10.5-inch) Wi-Fi + Cellular,iOS,TOP,2026-08-24T09:43:05Z
62,"iPad7,5",iPad (6th generation) Wi-Fi,iOS,TOP,2026-08-24T09:43:05Z
63,"iPad7,6",iPad (6th generation) Wi-Fi + Cellular,iOS,TOP,2026-08-24T09:43:05Z
64,"iPad7,11",iPad (7th generation) Wi-Fi,iOS,TOP,2026-08-24T09:43:05Z
65,"iPad7,12",iPad (7th generation) Wi-Fi + Cellular,iOS,TOP,2026-08-24T09:43:05Z
66,"iPad8,1",iPad Pro 11-inch (1st generation) Wi-Fi,iOS,TOP,2026-08-24T09:43:05Z
67,"iPad8,2",iPad Pro 11-inch (1st generation) Wi-Fi (1TB),iOS,TOP,2026-08-24T09:43:05Z
68,"iPad8,3",iPad Pro 11-inch (1st generation) Wi-Fi + Cellular,iOS,TOP,2026-08-24T09:43:05Z
69,"iPad8,4",iPad Pro 11-inch (1st generation) Wi-Fi + Cellular (1TB),iOS,TOP,2026-08-24T09:43:05Z
70,"iPad8,5",iPad Pro 12.9-inch (3rd generation) Wi-Fi,iOS,TOP,2026-08-24T09:43:05Z
71,"iPad8,6",iPad Pro 12.9-inch (3rd generation) Wi-Fi (1TB),iOS,TOP,2026-08-24T09:43:05Z
72,"iPad8,7",iPad Pro 12.9-inch (3rd generation) Wi-Fi + Cellular,iOS,TOP,2026-08-24T09:43:05Z
73,"iPad8,8",iPad Pro 12.9-inch (3rd generation) Wi-Fi + Cellular (1TB),iOS,TOP,2026-08-24T09:43:05Z
74,"iPad8,9",iPad Pro 11-inch (2nd generation) Wi-Fi,iOS,TOP,2026-08-24T09:43:05Z
75,"iPad8,10",iPad Pro 11-inch (2nd generation) Wi-Fi + Cellular,iOS,TOP,2026-08-24T09:43:05Z
76,"iPad8,11",iPad Pro 12.9-inch (4th generation) Wi-Fi,iOS,TOP,2026-08-24T09:43:05Z
77,"iPad8,12",iPad Pro 12.9-inch (4th generation) Wi-Fi + Cellular,iOS,TOP,2026-08-24T09:43:05Z
78,"iPad11,1",iPad mini (5th generation) Wi-Fi,iOS,TOP,2026-08-24T09:43:05Z
79,"iPad11,2",iPad mini (5th generation) Wi-Fi + Cellular,iOS,TOP,2026-08-24T09:43:05Z
80,"iPad11,3",iPad Air (3rd generation) Wi-Fi,iOS,TOP,2026-08-24T09:43:05Z
81,"iPad11,4",iPad Air (3rd generation) Wi-Fi + Cellular,iOS,TOP,2026-08-24T09:43:05Z
82,"iPad11,6",iPad (8th generation) Wi-Fi,iOS,TOP,2026-08-24T09:43:05Z
83,"iPad11,7",iPad (8th generation) Wi-Fi + Cellular,iOS,TOP,2026-08-24T09:43:05Z
84,"iPad12,1",iPad (9th generation) Wi-Fi,iOS,TOP,2026-08-24T09:43:05Z
85,"iPad12,2",iPad (9th generation) Wi-Fi + Cellular,iOS,TOP,2026-08-24T09:43:05Z
86,"iPad13,1",iPad Air (4th generation) Wi-Fi,iOS,TOP,2026-08-24T09:43:05Z
87,"iPad13,2",iPad Air (4th generation) Wi-Fi + Cellular,iOS,TOP,2026-08-24T09:43:05Z
88,"iPad13,4",iPad Pro 11-inch (3rd generation) Wi-Fi,iOS,TOP,2026-08-24T09:43:05Z
89,"iPad13,5",iPad Pro 11-inch (3rd generation) Wi-Fi (1 or 2 TB),iOS,TOP,2026-08-24T09:43:05Z
90,"iPad13,6",iPad Pro 11-inch (3rd generation) Wi-Fi + Cellular,iOS,TOP,2026-08-24T09:43:05Z
91,"iPad13,7",iPad Pro 11-inch (3rd generation) Wi-Fi + Cellular (1 or 2 TB),iOS,TOP,2026-08-24T09:43:05Z
92,"iPad13,8",iPad Pro 12.9-inch (5th generation) Wi-Fi,iOS,TOP,2026-08-24T09:43:05Z
93,"iPad13,9",iPad Pro 12.9-inch (5th generation) Wi-Fi (1 or 2 TB),iOS,TOP,2026-08-24T09:43:05Z
94,"iPad13,10",iPad Pro 12.9-inch (5th generation) Wi-Fi + Cellular,iOS,TOP,2026-08-24T09:43:05Z
95,"iPad13,11",iPad Pro 12.9-inch (5th generation) Wi-Fi + Cellular (1 or 2 TB),iOS,TOP,2026-08-24T09:43:05Z
96,"iPad13,16",iPad Air (5th generation) Wi-Fi,iOS,TOP,2026-08-24T09:43:05Z
97,"iPad13,17",iPad Air (5th generation) Wi-Fi + Cellular,iOS,TOP,2026-08-24T09:43:05Z
98,"iPad14,1",iPad mini (6th generation) Wi-Fi,iOS,TOP,2026-08-24T09:43:05Z
99,"iPad14,2",iPad mini (6th generation) Wi-Fi + Cellular,iOS,TOP,2026-08-24T09:43:05Z
100,"iPad14,3",iPad Pro 11-inch (4th generation) Wi-Fi,iOS,TOP,2026-08-24T09:43:05Z
101,"iPad14,4",iPad Pro 11-inch (4th generation) Wi-Fi + Cellular,iOS,TOP,2026-08-24T09:43:05Z
102,"iPad14,5",iPad Pro 12.9-inch (6th generation) Wi-Fi,iOS,TOP,2026-08-24T09:43:05Z
103,"iPad14,6",iPad Pro 12.9-inch (6th generation) Wi-Fi + Cellular,iOS,TOP,2026-08-24T09:43:05Z
104,"iPad16,1",iPad mini (A17 Pro) Wi-Fi,iOS,TOP,2026-08-24T09:43:05Z
105,"iPad16,2",iPad mini (A17 Pro) Wi-Fi + Cellular,iOS,TOP,2026-08-24T09:43:05Z
106,SM-T730,Galaxy Tab S7 FE,Android,RIGHT,2026-08-24T09:31:11Z
107,SM-T733,Galaxy Tab S7 FE,Android,RIGHT,2026-08-24T09:31:11Z
108,SM-T735,Galaxy Tab S7 FE,Android,RIGHT,2026-08-24T09:31:11Z
109,SM-T735C,Galaxy Tab S7 FE,Android,RIGHT,2026-08-24T09:31:11Z
110,SM-T735N,Galaxy Tab S7 FE,Android,RIGHT,2026-08-24T09:31:11Z
111,SM-T736B,Galaxy Tab S7 FE 5G,Android,RIGHT,2026-08-24T09:31:11Z
112,SM-T736N,Galaxy Tab S7 FE 5G,Android,RIGHT,2026-08-24T09:31:11Z
113,SM-T737,Galaxy Tab S7 FE,Android,RIGHT,2026-08-24T09:31:11Z
114,SM-T738U,Galaxy Tab S7 FE 5G,Android,RIGHT,2026-08-24T09:31:11Z
115,SM-T870,Galaxy Tab S7,Android,RIGHT,2026-08-24T09:31:11Z
116,SM-T875,Galaxy Tab S7,Android,RIGHT,2026-08-24T09:31:11Z
117,SM-T875N,Galaxy Tab S7,Android,RIGHT,2026-08-24T09:31:11Z
118,SM-T878U,Galaxy Tab S7 5G,Android,RIGHT,2026-08-24T09:31:11Z
119,SM-T970,Galaxy Tab S7+,Android,RIGHT,2026-08-24T09:31:11Z
120,SM-T975,Galaxy Tab S7+,Android,RIGHT,2026-08-24T09:31:11Z
121,SM-T975N,Galaxy Tab S7+,Android,RIGHT,2026-08-24T09:31:11Z
122,SM-T976B,Galaxy Tab S7+ 5G,Android,RIGHT,2026-08-24T09:31:11Z
123,SM-T976N,Galaxy Tab S7+ 5G,Android,RIGHT,2026-08-24T09:31:11Z
124,SM-T978U,Galaxy Tab S7+ 5G,Android,RIGHT,2026-08-24T09:31:11Z
125,SM-X400,Galaxy Tab S10 Lite,Android,RIGHT,2026-08-24T09:27:28Z
126,SM-X406B,Galaxy Tab S10 Lite 5G,Android,RIGHT,2026-08-24T09:27:28Z
127,SM-X406N,Galaxy Tab S10 Lite 5G,Android,RIGHT,2026-08-24T09:27:28Z
128,SM-X510,Galaxy Tab S9 FE,Android,RIGHT,2026-08-24T09:27:28Z
129,SM-X516B,Galaxy Tab S9 FE 5G,Android,RIGHT,2026-08-24T09:27:28Z
130,SM-X516C,Galaxy Tab S9 FE 5G,Android,RIGHT,2026-08-24T09:27:28Z
131,SM-X516N,Galaxy Tab S9 FE 5G,Android,RIGHT,2026-08-24T09:27:28Z
132,SM-X518U,Galaxy Tab S9 FE 5G,Android,RIGHT,2026-08-24T09:27:28Z
133,SM-X520,Galaxy Tab S10 FE,Android,RIGHT,2026-08-24T09:27:28Z
134,SM-X526B,Galaxy Tab S10 FE 5G,Android,RIGHT,2026-08-24T09:27:28Z
135,SM-X526C,Galaxy Tab S10 FE 5G,Android,RIGHT,2026-08-24T09:27:28Z
136,SM-X526E,Galaxy Tab S10 FE 5G,Android,RIGHT,2026-08-24T09:27:28Z
137,SM-X526N,Galaxy Tab S10 FE 5G,Android,RIGHT,2026-08-24T09:27:28Z
138,SM-X528U,Galaxy Tab S10 FE 5G,Android,RIGHT,2026-08-24T09:27:28Z
139,SM-X610,Galaxy Tab S9 FE+,Android,RIGHT,2026-08-24T09:27:28Z
140,SM-X616B,Galaxy Tab S9 FE+ 5G,Android,RIGHT,2026-08-24T09:27:28Z
141,SM-X616C,Galaxy Tab S9 FE+ 5G,Android,RIGHT,2026-08-24T09:27:28Z
142,SM-X616N,Galaxy Tab S9 FE+ 5G,Android,RIGHT,2026-08-24T09:27:28Z
143,SM-X620,Galaxy Tab S10 FE+,Android,RIGHT,2026-08-24T09:27:28Z
144,SM-X626B,Galaxy Tab S10 FE+ 5G,Android,RIGHT,2026-08-24T09:27:28Z
145,SM-X626C,Galaxy Tab S10 FE+ 5G,Android,RIGHT,2026-08-24T09:27:28Z
146,SM-X626N,Galaxy Tab S10 FE+ 5G,Android,RIGHT,2026-08-24T09:27:28Z
147,SM-X700,Galaxy Tab S8,Android,RIGHT,2026-08-24T00:00:00Z
148,SM-X706B,Galaxy Tab S8 5G,Android,RIGHT,2026-08-24T09:27:28Z
149,SM-X706C,Galaxy Tab S8 5G,Android,RIGHT,2026-08-24T09:27:28Z
150,SM-X706N,Galaxy Tab S8 5G,Android,RIGHT,2026-08-24T09:27:28Z
151,SM-X710,Galaxy Tab S9,Android,RIGHT,2026-08-24T00:00:00Z
152,SM-X716B,Galaxy Tab S9 5G,Android,RIGHT,2026-08-24T09:27:28Z
153,SM-X716N,Galaxy Tab S9 5G,Android,RIGHT,2026-08-24T09:27:28Z
154,SM-X730,Galaxy Tab S11,Android,RIGHT,2026-08-24T09:27:28Z
155,SM-X736B,Galaxy Tab S11 5G,Android,RIGHT,2026-08-24T09:27:28Z
156,SM-X736C,Galaxy Tab S11 5G,Android,RIGHT,2026-08-24T09:27:28Z
157,SM-X736N,Galaxy Tab S11 5G,Android,RIGHT,2026-08-24T09:27:28Z
158,SM-X800,Galaxy Tab S8+,Android,RIGHT,2026-08-24T00:00:00Z
159,SM-X806B,Galaxy Tab S8+ 5G,Android,RIGHT,2026-08-24T09:27:28Z
160,SM-X806C,Galaxy Tab S8+ 5G,Android,RIGHT,2026-08-24T09:27:28Z
161,SM-X806E,Galaxy Tab S8+ 5G,Android,RIGHT,2026-08-24T09:27:28Z
162,SM-X806N,Galaxy Tab S8+ 5G,Android,RIGHT,2026-08-24T09:27:28Z
163,SM-X808U,Galaxy Tab S8+ 5G,Android,RIGHT,2026-08-24T09:27:28Z
164,SM-X810,Galaxy Tab S9+,Android,RIGHT,2026-08-24T00:00:00Z
165,SM-X816B,Galaxy Tab S9+ 5G,Android,RIGHT,2026-08-24T09:27:28Z
166,SM-X816N,Galaxy Tab S9+ 5G,Android,RIGHT,2026-08-24T09:27:28Z
167,SM-X818U,Galaxy Tab S9+ 5G,Android,RIGHT,2026-08-24T09:27:28Z
168,SM-X820,Galaxy Tab S10+,Android,RIGHT,2026-08-24T00:00:00Z
169,SM-X826B,Galaxy Tab S10+ 5G,Android,RIGHT,2026-08-24T09:27:28Z
170,SM-X826N,Galaxy Tab S10+ 5G,Android,RIGHT,2026-08-24T09:27:28Z
171,SM-X828U,Galaxy Tab S10+ 5G,Android,RIGHT,2026-08-24T09:27:28Z
172,SM-X840,Galaxy Tab S12+,Android,RIGHT,2026-08-24T09:27:28Z
173,SM-X846B,Galaxy Tab S12+ 5G,Android,RIGHT,2026-08-24T09:27:28Z
174,SM-X846E,Galaxy Tab S12+ 5G,Android,RIGHT,2026-08-24T09:27:28Z
175,SM-X846N,Galaxy Tab S12+ 5G,Android,RIGHT,2026-08-24T09:27:28Z
176,SM-X848U,Galaxy Tab S12+ 5G,Android,RIGHT,2026-08-24T09:27:28Z
177,SM-X900,Galaxy Tab S8 Ultra,Android,RIGHT,2026-08-24T00:00:00Z
178,SM-X906B,Galaxy Tab S8 Ultra 5G,Android,RIGHT,2026-08-24T09:27:28Z
179,SM-X906C,Galaxy Tab S8 Ultra 5G,Android,RIGHT,2026-08-24T09:27:28Z
180,SM-X906N,Galaxy Tab S8 Ultra 5G,Android,RIGHT,2026-08-24T09:27:28Z
181,SM-X910,Galaxy Tab S9 Ultra,Android,RIGHT,2026-08-24T00:00:00Z
182,SM-X916B,Galaxy Tab S9 Ultra 5G,Android,RIGHT,2026-08-24T09:27:28Z
183,SM-X916C,Galaxy Tab S9 Ultra 5G,Android,RIGHT,2026-08-24T09:27:28Z
184,SM-X916N,Galaxy Tab S9 Ultra 5G,Android,RIGHT,2026-08-24T09:27:28Z
185,SM-X920,Galaxy Tab S10 Ultra,Android,RIGHT,2026-08-24T00:00:00Z
186,SM-X926B,Galaxy Tab S10 Ultra 5G,Android,RIGHT,2026-08-24T09:27:28Z
187,SM-X926C,Galaxy Tab S10 Ultra 5G,Android,RIGHT,2026-08-24T09:27:28Z
188,SM-X926N,Galaxy Tab S10 Ultra 5G,Android,RIGHT,2026-08-24T09:27:28Z
189,SM-X930,Galaxy Tab S11 Ultra,Android,RIGHT,2026-08-24T09:27:28Z
190,SM-X936B,Galaxy Tab S11 Ultra 5G,Android,RIGHT,2026-08-24T09:27:28Z
191,SM-X936C,Galaxy Tab S11 Ultra 5G,Android,RIGHT,2026-08-24T09:27:28Z
192,SM-X936N,Galaxy Tab S11 Ultra 5G,Android,RIGHT,2026-08-24T09:27:28Z
193,SM-X940,Galaxy Tab S12 Ultra,Android,RIGHT,2026-08-24T09:27:28Z
194,SM-X946B,Galaxy Tab S12 Ultra 5G,Android,RIGHT,2026-08-24T09:27:28Z
195,SM-X946N,Galaxy Tab S12 Ultra 5G,Android,RIGHT,2026-08-24T09:27:28Z
